case_id,scenario,notes,humid_air_mass_flow_kg_h,air_flow_m3_h,heat_loss_coeff_w_m2k,fixed_particle_velocity_ms,fixed_air_velocity_ms,Tout_pre_cyclone_c,Tp_pre_cyclone_c,powder_moisture_db,powder_moisture_wb_pct,Yout_g_kg_da,RHout_pct,tau_out_s,U_a_out_ms,U_p_out_ms,U_p_min_ms,U_p_mean_ms,U_p_max_ms,Re_mean,hm_mean_ms,total_q_loss_w,reference_Tout_c,reference_powder_moisture_wb_pct,delta_Tout_c,delta_powder_moisture_wb_pct_points
V2,baseline_dynamic,V2 fine kernel with the fixed 304 kg/h humid-air reference flow.,304.0,391.61740369259576,4.5,,,61.41867149039007,61.42315837350469,0.016002448113744485,1.5750403105281656,40.79808508418522,26.77536743876905,23.62624455159773,2.6994947447120956,2.723877946948528,0.10728024448554807,1.1933335276369057,30.0,0.7975368472451718,1.3969027537469796,2848.171565016365,92.0,3.2,-30.581328509609932,-1.6249596894718346
V2,dynamic_no_heat_loss,"Same V2 case, but q_loss disabled to isolate wall-loss sensitivity.",304.0,391.61740369259576,0.0,,,92.04287321789161,92.04287321789161,0.022735134840941636,2.2229738733359796,40.657986444279636,7.620832631816195,22.88735266417407,2.945965779918882,2.9689802039385236,0.1121173587616663,1.2612029825021387,30.0,0.7875107267791595,1.5348469093663153,0.0,92.0,3.2,0.04287321789161069,-0.9770261266640206
V2,fixed_velocities_from_baseline_pre_cyclone,"Same V2 case, but U_p and U_a fixed to the baseline pre-cyclone values to isolate dynamic residence-time coupling.",304.0,391.61740369259576,4.5,2.723877946948528,2.6994947447120956,60.605107628677786,60.61016422038631,0.06443240294294873,6.05321697881478,39.79031937679654,27.13715389396639,1.5419193083541463,2.6994947447120956,2.723877946948528,2.723877946948528,2.723877946948527,2.723877946948528,0.061229053534008614,1.3487989901526132,3124.5879426771753,92.0,3.2,-31.394892371322214,2.85321697881478
