case_id,scenario,notes,humid_air_mass_flow_kg_h,air_flow_m3_h,heat_loss_coeff_w_m2k,fixed_particle_velocity_ms,fixed_air_velocity_ms,Tout_pre_cyclone_c,Tp_pre_cyclone_c,powder_moisture_db,powder_moisture_wb_pct,Yout_g_kg_da,RHout_pct,tau_out_s,U_a_out_ms,U_p_out_ms,U_p_min_ms,U_p_mean_ms,U_p_max_ms,Re_mean,hm_mean_ms,total_q_loss_w,reference_Tout_c,reference_powder_moisture_wb_pct,delta_Tout_c,delta_powder_moisture_wb_pct_points
V2,baseline_dynamic,V2 fine kernel with the fixed 304 kg/h humid-air reference flow.,304.0,391.61740369259576,4.5,,,57.72482622600836,57.71192647199098,0.07524260420444998,6.997732782372443,39.565372850215354,30.81297509108129,23.590458299646755,2.664725299836495,2.6907132940036402,0.10773750347595719,1.1815526757803887,30.0,0.7910763782983354,1.3716946465785196,2629.182456455627,92.0,3.2,-34.27517377399164,3.797732782372443
V2,dynamic_no_heat_loss,"Same V2 case, but q_loss disabled to isolate wall-loss sensitivity.",304.0,391.61740369259576,0.0,,,86.32635403297058,86.32635403297058,0.0927633469782105,8.48887796563881,39.20078849745988,9.134616867926972,22.87675046386697,2.893474369570932,2.9183183012305793,0.11235922450111231,1.24465713619869,30.0,0.7813002954318241,1.5003189983748741,0.0,92.0,3.2,-5.673645967029415,5.28887796563881
V2,fixed_velocities_from_baseline_pre_cyclone,"Same V2 case, but U_p and U_a fixed to the baseline pre-cyclone values to isolate dynamic residence-time coupling.",304.0,391.61740369259576,4.5,2.6907132940036402,2.664725299836495,55.2511319527689,54.960431579829844,0.0845024976976749,7.791821399864727,39.372686254709414,34.43808955258712,1.560924387358491,2.664725299836495,2.6907132940036402,2.6907132940036402,2.69071329400364,2.6907132940036402,0.06680442493337672,1.3234523767594917,2946.057784887399,92.0,3.2,-36.7488680472311,4.591821399864727
