case_id,scenario,notes,humid_air_mass_flow_kg_h,air_flow_m3_h,heat_loss_coeff_w_m2k,fixed_particle_velocity_ms,fixed_air_velocity_ms,Tout_pre_cyclone_c,Tp_pre_cyclone_c,powder_moisture_db,powder_moisture_wb_pct,Yout_g_kg_da,RHout_pct,tau_out_s,U_a_out_ms,U_p_out_ms,U_p_min_ms,U_p_mean_ms,U_p_max_ms,Re_mean,hm_mean_ms,total_q_loss_w,reference_Tout_c,reference_powder_moisture_wb_pct,delta_Tout_c,delta_powder_moisture_wb_pct_points
V2,baseline_dynamic,V2 fine kernel with the fixed 304 kg/h humid-air reference flow.,304.0,391.61740369259576,4.5,,,61.82022370183262,61.85185237277443,0.027694386831410938,2.6948076379786716,40.55479072361624,26.146778315226914,23.597364143596266,2.701742584783102,2.7263814930371773,0.1075247641034683,1.1940953989875294,30.0,0.797862854630851,1.3988713726626352,2858.6538674652056,92.0,3.2,-30.179776298167383,-0.5051923620213286
V2,dynamic_no_heat_loss,"Same V2 case, but q_loss disabled to isolate wall-loss sensitivity.",304.0,391.61740369259576,0.0,,,92.0428732175078,92.0428732175078,0.022735134891554598,2.2229738781747543,40.657986443226534,7.620832631739213,22.88736523265854,2.9459657799111048,2.9689802039318898,0.11211735875186142,1.2612029245979088,30.0,0.7875108758615343,1.5348470195921349,0.0,92.0,3.2,0.04287321750780393,-0.9770261218252458
V2,fixed_velocities_from_baseline_pre_cyclone,"Same V2 case, but U_p and U_a fixed to the baseline pre-cyclone values to isolate dynamic residence-time coupling.",304.0,391.61740369259576,4.5,2.7263814930371773,2.701742584783102,60.61361415224644,60.64732350933701,0.06469192023783689,6.076116387112776,39.78491915226222,27.12319327558307,1.5405034147738443,2.701742584783102,2.7263814930371773,2.7263814930371773,2.726381493037177,2.7263814930371773,0.061871338317154155,1.3492198706722505,3124.8153794161626,92.0,3.2,-31.38638584775356,2.876116387112776
